{
    "hud_title_text/title_frame/title": {
        "modifications": [
            {
                "array_name": "bindings",
                "operation":"insert_back",
                "value": [
                    {
                        "binding_type": "view",
                        "source_property_name": "((#text - 'toast:' - 'display:') = #text)",
                        "target_property_name": "#visible"
                    }
                ]
            }
        ]
    },
    
    

    "root_panel": {
        "modifications": [
            {
                "array_name": "controls",
                "operation": "insert_back",
                "value": [
                    {
                      "factory@toast.factory": {}
                    },
                    {
                      "root_panel@display.root_panel": {}
                    }
                ]
            }
        ]
    }
}