{
  "namespace": "display",
  
  "root_panel": {
    "type": "panel",
    "size": ["100%", "100%"],
    "$display": "display:",
    "controls": [
      {
        "display_data": {
        "type": "label",
        "bindings": [
      {
        "binding_name": "#hud_title_text_string"
      },
      {
        "binding_name": "#hud_title_text_string",
        "binding_name_override": "#preserved_text",
        "binding_condition": "visibility_changed"
      },
      {
        "binding_type": "view",
        "source_property_name": "(not (#hud_title_text_string = #preserved_text) and not ((#hud_title_text_string - $display) = #hud_title_text_string))",
        "target_property_name": "#visible"
      }
    ]
       }
      },
      {
        "content_panel@display.content_panel": {
              "bindings": [
      {
        "binding_type": "view",
        "source_control_name": "display_data",
        "source_property_name": "(not (#hud_title_text_string = 'display:hide'))",
        "target_property_name": "#visible"
      }
    ]
        }
      }
      ]
  },
  
   "content_panel": {
    "type": "panel",
    "size": [ "100%c", "100%c" ],
    "anchor_from": "top_right",
    "anchor_to": "top_right",
    "offset": [-12, 1 ],
    "$display": "display:",
    "controls": [
      {
        "background": {
          "texture": "textures/ui/hud_tip_text_background",
          "type": "image",
          "size": [ "100%c + 8px", "15px" ],
          "alpha": 0.7,
          "controls": [
            {
              "grid": {
                "type": "stack_panel",
                "orientation": "horizontal",
                "layer": 1,
                "size": [
                  "100%c",
                  "100%cm"
                ],
                "offset": [
                  1,
                  0.6
                ],
                "controls": [
                    {
                    "lit": {
                      "type": "image",
                      "size": [ 9, 9 ],
                      "texture": "textures/ext/fire_on"
                    }
                  },
                  {
                    "div": {
                      "type": "panel",
                      "size": [
                        2,
                        2
                      ]
                    }
                  },
                    {
                    "text_container": {
                      "type": "panel",
                      "size": [
                        "100%cm",
                        "100%cm"
                      ],
                      "controls": [
                        {
                          "text": {
                            "text": "#text",
                            "text_alignment": "left",
                            "font_size": "normal",
                      "$display": "display:",
                        "font_scale_factor": 1,
                  "shadow": false,
                   "localize": false,
             "type": "label",
              "anchor_from": "center",
               "anchor_to": "center",
         	"controls": [
            		{
			"st_data": {
				"type": "panel",
				"size": [ 0, 0 ],
				"bindings": [
					{
						"binding_name": "#hud_title_text_string"
					},
					{
						"binding_name": "#hud_title_text_string",
						"binding_name_override": "#preserved_text",   
						"binding_condition": "visibility_changed"
					},
					{
						"binding_type": "view",
						"source_property_name": "(not (#hud_title_text_string = #preserved_text) and not ((#hud_title_text_string - $display) = #hud_title_text_string))",
						"target_property_name": "#visible"
					}
				]
			}
		}
         	],
               "bindings": [
                 		{
			"binding_type": "view",
			"source_control_name": "st_data",
			"source_property_name": "(#preserved_text - $display)",
			"target_property_name": "#text"
	          	}
                 ]
                      
                          }
                        }
                      ]
                    }
                  }
                ]
              }
            }
          ]
        }
      }
    ]
  }
}