{
  "namespace": "toast",

  "root_panel": {
    "type": "panel",
    "size": [ "100%c", "100%c" ],
    "anchor_from": "top_right",
    "anchor_to": "top_right",
    "offset": "@toast.toast_in",
    "$toast": "toast:",
    "layer": 35,
    "bindings": [
			{
				"binding_name": "#hud_title_text_string"
			},
			{
				"binding_type": "view",
				"source_property_name": "(('%.6s' * #hud_title_text_string) = $toast)",
				"target_property_name": "#visible"
			}
		],
		"controls": [
		  {
		    "background": {
		      "texture": "textures/ext/toast",
          "type": "image",
          "size": [ "100%c + 12px", "100%c + 8px" ],
          "controls": [
            {
           "stax": {
		         "type": "stack_panel",
		         "size":  [ "100%c", "100%cm"],
		         "orientation": "horizontal",
		         "layer": 1,
		         "offset": [0, -1],
		        "controls": [
		        {
		          "fire_panel": {
		           "type": "panel",
		           "size": [23, 23],
		           "controls": [
		             		 {
		          "fire_lit": {
		            "type": "image",
		            "texture": "textures/ext/fire_on",
		            "size": ["100%", "100%"],
		            "bindings": [
		           {
				"binding_name": "#hud_title_text_string"
			},
									{
							"binding_type": "view",
							"source_property_name": "(('%.6s' * #hud_title_text_string) = $toast)",
							"target_property_name": "#visible"
						},
					    	{
							"binding_type": "view",
							"source_property_name": "(#hud_title_text_string - ('%.6s' * #hud_title_text_string))",
							"target_property_name": "#string"
						},
				   		{
						  "binding_type": "view",
						  "source_property_name": "(('%.3s' * #string) = 'LIT')",
						  "target_property_name": "#visible"
						}
						]
		          }
		        },
		        		 {
		          "fire_off": {
		            "type": "image",
		            "texture": "textures/ext/fire_off",
		            "size": ["100%", "100%"],
		            "bindings": [
		    		        {
				"binding_name": "#hud_title_text_string"
		    	},
		    							{

							"binding_type": "view",

							"source_property_name": "(('%.6s' * #hud_title_text_string) = $toast)",
							"target_property_name": "#visible"
						},
			        			{
							"binding_type": "view",
							"source_property_name": "(#hud_title_text_string - ('%.6s' * #hud_title_text_string))",
							"target_property_name": "#string"
						},
			        			{
						  "binding_type": "view",
						  "source_property_name": "(('%.3s' * #string) = 'OFF')",
						  "target_property_name": "#visible"
						}
						]
		          }
		        }
		             ]
		          }
		        },
		        {
		          "spacer": {
		            "type": "panel",
		            "size": [3,3]
		          }
		        },
		        {
		          "details": {
		           "type": "stack_panel",
		           "orientation": "vertical",
		           "size": [ "100%cm", "100%cm" ],
		            "$separator": ":/:",
		            "controls": [
		              {
		                "streak_status": {
		                  "type": "label",
		                  "text": "#value1",
		                  "font_type": "MinecraftTen",
		                  "font_scale_factor": 1.2,
		        "property_bag": {
                "#length": 0,
               "#search": 0
              },
          "bindings": [
            						{

							"binding_name": "#hud_title_text_string"

						},
						{
							"binding_type": "view",
							"source_property_name": "(('%.6s' * #hud_title_text_string) = $toast)",
							"target_property_name": "#visible"
						},
						{
							"binding_type": "view",
							"source_property_name": "(#hud_title_text_string - ('%.9s' * #hud_title_text_string))",
							"target_property_name": "#string"
						},
           {
        "binding_condition": "always",
        "binding_type": "view",
        "source_property_name": "(#length + 1 * (not ((('%.' + #length + 's') * #string) = #string)))",
        "target_property_name": "#length"
      },
      {
        "binding_condition": "always",
        "binding_type": "view",
        "source_property_name": "(#search + 1 * (#search < #length and (('%.'+#search+'s') * #string = ('%.'+#search+'s') * #string - $separator) ))",
        "target_property_name": "#search"
      },
      {
        "binding_type": "view",
        "source_property_name": "((('%.'+#search+'s') * #string) - $separator)",
        "target_property_name": "#value1"
      }
    ]
		                }
		              },
		              {
		                "streak_desc": { 
		                  "type": "label",
		                  "layer": 6,
					            "text": "#value2",
					            "font_scale_factor": 0.9,
					                "property_bag": {
      "#length": 0,
      "#search": 0
    },
					            "bindings": [
						{
							"binding_name": "#hud_title_text_string"
						},
						{
							"binding_type": "view",
							"source_property_name": "(('%.6s' * #hud_title_text_string) = $toast)",
							"target_property_name": "#visible"
						},
						{
							"binding_type": "view",
							"source_property_name": "(#hud_title_text_string - ('%.6s' * #hud_title_text_string))",
							"target_property_name": "#string"
						},
						      {
        "binding_condition": "always",
        "binding_type": "view",
        "source_property_name": "(#length + 1 * (not ((('%.' + #length + 's') * #string) = #string)))",
        "target_property_name": "#length"
      },
      {
        "binding_condition": "always",
        "binding_type": "view",
        "source_property_name": "(#search + 1 * (#search < #length and (('%.'+#search+'s') * #string = ('%.'+#search+'s') * #string - $separator) ))",
        "target_property_name": "#search"
      },
      {
        "binding_type": "view",
        "source_property_name": "(#string - ( ('%.'+#search+'s') * #string))",
        "target_property_name": "#value2"
      }
					]
		                }
		              }
		              ]
		          }
		        }
		          ]
            }
            }
            ]
		    }
		  }
		  ]
  },
	
	  /*"parrot_anim": {
    "anim_type": "flip_book",
    "initial_uv": [ 0, 0 ],
    "fps": 20,
    "reversible": false,
    "easing": "linear",
    "frame_count": 8,
    "frame_step": 8
  },*/
  
   /*     {

		          "check": {

		            "type": "image",
		            "texture": "textures/ext/parrot",
		            "size": [23,23],
		            "uv_size": [ 128, 128 ],
               "uv": "@parrot_anim",
              "disable_anim_fast_forward": true
		          }
		        },*/

	"factory": {
		"type": "panel",
		"factory": {
			"name": "hud_title_text_factory",
			"control_ids": {
				"hud_title_text": "root_panel@toast.root_panel"
			}
		}
	},

	"toast_in": {
		"anim_type": "offset",
		"easing": "out_sine",
		"next": "@toast.toast_wait",
		"from": [ -10, -60 ],
		"to": [	-10,	3 ],
		"duration": 0.7
	},
	"toast_wait": {
		"anim_type": "wait",
		"next": "@toast.toast_out",
		"duration": 7
	},
	"toast_out": {
		"anim_type": "offset",
		"easing": "in_sine",
		"from": [ -10, 3 ],
		"to": [	-10, -60	],
		"duration": 0.7
	},
}